{
  "$schema": "./node_modules/@angular/cli/lib/config/schema.json",
  "project": {
    "version": "1.0.0-beta.20-4",
    "name": "sifra-gui"
  },
  "apps": [
    {
      "root": "src",
      "outDir": "dist",
      "assets": [
        "assets",
        "favicon.ico"
      ],
      "index": "index.html",
      "main": "main.ts",
      "polyfills": "polyfills.ts",
      "test": "test.ts",
      "tsconfig": "tsconfig.json",
      "prefix": "app",
      "mobile": false,
      "styles": [
        "styles.css"
      ],
      "scripts": [],
      "environmentSource": "environments/environment.ts",
      "environments": {
            "dev": "environments/environment.ts",
              "prod": "environments/environment.prod.ts"
      }
    }
  ],
  "addons": [],
  "packages": [],
  "e2e": {
    "protractor": {
      "config": "./protractor.conf.js"
    }
  },
  "lint": [
      {
          "project": "src/tsconfig.app.json"
      },
      {
          "project": "src/tsconfig.spec.json"
      },
      {
          "project": "e2e/tsconfig.e2e.json"
      }
  ],
  "test": {
    "karma": {
      "config": "./karma.conf.js"
    }
  },
  "defaults": {
    "styleExt": "css",
    "prefixInterfaces": false,
    "inline": {
      "style": false,
      "template": false
    },
    "spec": {
      "class": false,
      "component": true,
      "directive": true,
      "module": false,
      "pipe": true,
      "service": true
    }
  }
}
